이미지,생활지수,지수,안내멘트,그래프 값,그래프 최댓값
../img/icon_idx_carwash.png?ver=20231214,세차지수,90,이런 날은 바로 세차하러 가야죠,90,100
../img/icon_idx_running.png?ver=20231214,달리기지수,0,오늘 바깥 운동은 NO!,0,100
../img/icon_idx_washing.png?ver=20231214,빨래지수,50,빨래하기에 그저그런 날씨예요,50,100
../img/icon_idx_sleep.png?ver=20231214,수면지수,10,카페인은 피하고 따뜻한 목욕을 권해요,10,100
../img/icon_idx_umb.png?ver=20231214,우산지수,10,우산 NO! 안심하고 외출하세요,10,100
../img/icon_life_uv.png?ver=20231214,자외선지수,1,바깥 활동에 문제없어요,25,100
../img/icon_life_cold.png?ver=20231214,감기지수,3,실내 적정 온습도를 체크해 주세요,75,100
../img/icon_life_freez.png?ver=20231214,동파지수,25,동파지수가 매우 낮아요,25,100
