이미지,생활지수,지수,안내멘트,그래프 값,그래프 최댓값
../img/icon_idx_carwash.png?ver=20231214,세차지수,50,세차하기에 나쁘지 않아요,50,100
../img/icon_idx_running.png?ver=20231214,달리기지수,0,오늘 야외 운동은 피하세요!,0,100
../img/icon_idx_washing.png?ver=20231214,빨래지수,50,빨래하기에 그저그런 날씨예요,50,100
../img/icon_idx_sleep.png?ver=20231214,수면지수,10,잠자기 전 가벼운 스트레칭 추천,10,100
../img/icon_idx_umb.png?ver=20231214,우산지수,10,우산 NO! 안심하고 외출하세요,10,100
../img/icon_life_uv.png?ver=20231214,자외선지수,0,자외선 걱정없는 날씨에요,25,100
../img/icon_life_cold.png?ver=20231214,감기지수,3,노약자는 외부 활동을 되도록 삼가요,75,100
../img/icon_life_freez.png?ver=20231214,동파지수,25,오늘은 동파 걱정 끝!,25,100
